Key|Name|Region|Altitude_m|Country|Lat|Lng|Type|Notes|City_Col_Index
Abidjan|Abidjan|Africa|75|Cte d'Ivoire|"520'28.0"" N"|"41'41.0"" W"|2||1
Abu_Dhabi|Abu Dhabi|Central Asia|14|United Arab Emirates|"2428'0.1"" N"|"5422'0.1"" E"|2||2
Acapulco|Acapulco|North America|-|Mexico|"1651'0.0"" N"|"9955'0.1"" W"|2||3
Accra|Accra|Africa|103|Ghana|"532'60.0"" N"|"013'0.0"" W"|2||4
Ad_Dammam|Ad Dammam|Central Asia|5|Saudi Arabia|"2625'32.9"" N"|"506'51.1"" E"|2||5
Ad_Diwaniyah|Ad Diwaniyah|Central Asia|17|Iraq|"3159'16.1"" N"|"4455'32.2"" E"|2||6
Adak,_Alaska|Adak, Alaska|North America||United States of America|"5153'0"" N"|"17638'42"" W"|3||7
Adamstown,_Pitcairn_Islands|Adamstown, Pitcairn Islands|South America||British Overseas Territory|"254'0"" S"|"1306'0"" W"|3||8
Adana|Adana|Central Asia|88|Turkey|"370'6.1"" N"|"3519'44.0"" E"|2||9
Addis_Abeba|Addis Abeba|Africa|2308|Ethiopia|"91'60.0"" N"|"3842'0.0"" E"|2|Located at 2308m above sea level|10
Adelaide|Adelaide|South-East Asia|72|Australia|"3455'59.9"" S"|"13835'60.0"" E"|2||11
Aden|Aden|Central Asia|126|Yemen|"1246'45.8"" N"|"452'12.1"" E"|2||12
Adiyaman|Adiyaman|Central Asia|646|Turkey|"3745'33.1"" N"|"3816'41.9"" E"|2||13
Agadir|Agadir|Africa|269|Morocco|"3023'60.0"" N"|"935'60.0"" W"|2||14
Agra|Agra|South Asia|171|India|"2710'59.9"" N"|"781'0.1"" E"|2||15
Ahvaz|Ahvaz|Central Asia|39|Iran|"3119'45.1"" N"|"4841'28.0"" E"|2||16
Aidin|Aidin|Central Asia|242|Turkey|"3750'39.8"" N"|"2750'44.9"" E"|2||17
Ajmer|Ajmer|South Asia|543|India|"2626'60.0"" N"|"7437'59.9"" E"|2||18
Akola|Akola|South Asia|282|India|"2043'59.9"" N"|"770'0.0"" E"|2||19
Al_Basrah|Al Basrah|Central Asia|11|Iraq|"3029'39.1"" N"|"4749'9.1"" E"|2||20
Algiers|Algiers|Africa|1|Algeria|"3645'47.2"" N"|"33'2.0"" E"|2||21
Al_Kuwait|Al Kuwait|Central Asia|12|Kuwait|"2922'10.9"" N"|"4758'41.9"" E"|2||22
Albuquerque|Albuquerque|North America|-|United States of America|"355'3.8"" N"|"10639'3.6"" W"|2||23
Aleppo|Aleppo|Central Asia|264|Syrian Arab Republic|"3612'10.1"" N"|"379'31.0"" E"|2||24
Alert,_Nunavut|Alert, Nunavut|North America||Canada|"8230'05"" N"|"6220'20"" W"|3|Military and research outpost, the northernmost permanently inhabited place in the world|25
Alexandria|Alexandria|Africa|-|Egypt|"3111'53.2"" N"|"2955'9.1"" E"|2||26
Algiers|Algiers|Africa|1|Algeria|"3645'47.2"" N"|"33'2.0"" E"|2||27
Alice_Springs|Alice Springs|South-East Asia||Australia|"2342'0"" S"|"13352'12"" E"|3|Classic outback location|28
Aligarh|Aligarh|South Asia|182|India|"2752'59.9"" N"|"784'59.9"" E"|2||29
Allahabad|Allahabad|South Asia|74|India|"2526'60.0"" N"|"8150'60.0"" E"|2||30
Almaty|Almaty|Central Asia|852|Kazakhstan|"4315'0.0"" N"|"7657'0.0"" E"|2||31
Amman|Amman|Central Asia|748|Jordan|"3156'60.0"" N"|"3555'59.9"" E"|2||32
Amravati|Amravati|South Asia|343|India|"2055'59.9"" N"|"7745'0.0"" E"|2||33
Amritsar|Amritsar|South Asia|221|India|"3137'59.2"" N"|"7451'56.2"" E"|2||34
Amsterdam|Amsterdam|Europe|-|Netherlands|"5221'0.0"" N"|"455'0.0"" E"|1|Alpha world city|35
AmundsenScott_South_Pole_Station|AmundsenScott South Pole Station|Antarctica||Antarctica|"9000'00"" S"|"000'00"" E"|3|US research station at the Geographic South Pole, the southernmost place on the Earth (at 2,835m above sea level)|36
An_Najaf|An Najaf|Central Asia|60|Iraq|"3159'46.0"" N"|"4418'52.9"" E"|2||37
Anchorage,_Alaska|Anchorage, Alaska|North America||United States of America|"6113'0"" N"|"14954'0"" W"|2||38
Ankara|Ankara|Central Asia|889|Turkey|"3955'37.9"" N"|"3251'51.8"" E"|2||39
Anshan|Anshan|North-East Asia|27|China|"417'25.0"" N"|"12259'24.0"" E"|2||40
Antalya|Antalya|Central Asia|115|Turkey|"3654'45.0"" N"|"3041'22.9"" E"|2||41
Antananarivo|Antananarivo|Africa|1289|Madagascar|"1855'0.1"" S"|"4731'0.1"" E"|2||42
Anyang|Anyang|North-East Asia|87|China|"365'57.8"" N"|"11419'44.4"" E"|2||43
Aracaju|Aracaju|South America|2|Brazil|"1055'0.1"" S"|"374'0.1"" W"|2||44
Arequipa|Arequipa|South America|2938|Peru|"1623'56.0"" S"|"7132'6.0"" W"|2|Located at 2938m above sea level|45
Arkhangelsk|Arkhangelsk|Russia||Russian Federation|"6432'0"" N"|"4032'0"" E"|3||46
As_Sulaymaniyah|As Sulaymaniyah|Central Asia|789|Iraq|"3533'42.1"" N"|"4526'26.9"" E"|2||47
Asansol|Asansol|South Asia|96|India|"2340'59.9"" N"|"8658'59.9"" E"|2||48
Asgabat|Asgabat|Central Asia|-|Turkmenistan|"3757'0.0"" N"|"5822'59.9"" E"|2||49
Ash_Shariqah|Ash Shariqah|Central Asia|156|United Arab Emirates|"2521'43.9"" N"|"5523'28.0"" E"|2||50
Ashgabat|Ashgabat|Central Asia|219|Turkmenistan|"3757'0.0"" N"|"5822'59.9"" E"|2||51
Asmara|Asmara|Africa|2364|Eritrea|"1519'59.9"" N"|"3855'59.9"" E"|2|Located at 2364m above sea level|52
Astana|Astana|Central Asia||Kazakhstan|"5110'0"" N"|"7126'0"" E"|2||53
Astrakhan|Astrakhan|Russia|-|Russian Federation|"4620'57.8"" N"|"482'57.1"" E"|2||54
Asuncion|Asuncion|South America|55|Paraguay|"2516'0.1"" S"|"5740'0.1"" W"|2||55
Aswan|Aswan|Africa||Egypt|"2405'20"" N"|"3253'59"" E"|2|Adjacent to the Aswan Dams and one of the driest cities in the world|56
Athens|Athens|Europe|147|Greece|"3758'59.9"" N"|"2343'59.9"" E"|2||57
Auckland|Auckland|South-East Asia||New Zealand|3650'26? S|17444'24? E|2||58
Austin|Austin|North America|163|United States of America|"3016'0.8"" N"|"9744'34.1"" W"|2||59
Bacolod_City|Bacolod City|South-East Asia|9|Philippines|"1039'58.0"" N"|"12257'0.0"" E"|2||60
Baghdad|Baghdad|Central Asia|41|Iraq|"3320'19.0"" N"|"4423'38.0"" E"|2||61
Dublin|Dublin|Europe|9|Ireland|"5319'59.2"" N"|"614'56.0"" W"|1|Alpha world city|62
Baku|Baku|Central Asia|-|Azerbaijan|"4023'43.1"" N"|"4952'55.9"" E"|2||63
Balikpapan|Balikpapan|South-East Asia|1|Indonesia|"116'60.0"" S"|"11649'58.8"" E"|2||64
Baltimore|Baltimore|North America|2|United States of America|"3917'25.1"" N"|"7636'45.0"" W"|2||65
Bamako|Bamako|Africa|350|Mali|"1239'0.0"" N"|"80'0.0"" W"|2||66
Bangalore|Bangalore|South Asia|917|India|"1258'59.9"" N"|"7734'59.9"" E"|2||67
Bangkok|Bangkok|South-East Asia|2|Thailand|"1345'0.0"" N"|"10031'1.2"" E"|1|Alpha world city|68
Bangui|Bangui|Africa|379|Central African Republic|"422'0.0"" N"|"1834'59.9"" E"|2||69
Banjarmasin|Banjarmasin|South-East Asia|1|Indonesia|"319'60.0"" S"|"11434'58.8"" E"|2||70
Baoding|Baoding|North-East Asia|13|China|"3851'4.0"" N"|"11529'24.0"" E"|2||71
Baoji|Baoji|North-East Asia|570|China|"3421'13.0"" N"|"10722'30.0"" E"|2||72
Barcelona|Barcelona|Europe|900|Spain|"4122'59.9"" N"|"210'60.0"" E"|1|Alpha world city|73
Barnaul|Barnaul|Russia|161|Russian Federation|"5321'20.9"" N"|"8345'7.9"" E"|2||74
Barrow,_Alaska|Barrow, Alaska|North America||United States of America|"7117'44"" N"|"15645'59"" W"|2|It is the 11th northernmost public community in the world and is the northernmost city in the USA|75
Basrah|Basrah|Central Asia|32|Iraq|"3029'44.2"" N"|"4749'3.0"" E"|2||76
Beijing|Beijing|North-East Asia|59|China|"3955'44.0"" N"|"11623'16.8"" E"|1|Alpha world city|77
Beirut|Beirut|Central Asia|54|Lebanon|"3352'18.8"" N"|"3530'34.9"" E"|2||78
Belem|Belem|South America|1|Brazil|"126'60.0"" S"|"4828'59.9"" W"|2||79
Belfast|Belfast|Europe|9|United Kingdom of Great Britain and Northern Ireland|"5434'59.9"" N"|"555'60.0"" W"|2||80
Belgaum|Belgaum|South Asia|768|India|"1552'0.1"" N"|"7430'0.0"" E"|2||81
Belgrade|Belgrade|Europe|90|Serbia|"4449'7.0"" N"|"2028'5.2"" E"|2||82
Bellingshausen_Station|Bellingshausen Station|Antarctica||Antarctica|"6212'00"" S"|"5858'00"" W"|3|Russian Antarctic station at Collins Harbour on the South Shetland Islands|83
Belo_Horizonte|Belo Horizonte|South America|860|Brazil|"1955'0.1"" S"|"4355'59.9"" W"|2||84
Bengbu|Bengbu|North-East Asia|31|China|"3256'26.9"" N"|"11721'39.6"" E"|2||85
Benghazi|Benghazi|Africa|-|Libya|"327'0.1"" N"|"204'0.1"" E"|2||86
Benxi|Benxi|North-East Asia|147|China|"4117'19.0"" N"|"12345'54.0"" E"|2||87
Berlin|Berlin|Europe|34|Germany|"5231'0.1"" N"|"1324'0.0"" E"|2||88
Bermuda|Bermuda|North America||British Overseas Territory|"3218'0"" N"|"6447'0"" W"|3||89
Bhavnagar|Bhavnagar|South Asia|24|India|"2146'0.1"" N"|"729'0.0"" E"|2||90
Bhiwandi|Bhiwandi|South Asia|23|India|"1918'0.0"" N"|"734'0.1"" E"|2||91
Bhopal|Bhopal|South Asia|499|India|"2316'0.1"" N"|"7724'0.0"" E"|2||92
Bhubaneswar|Bhubaneswar|South Asia|28|India|"2013'59.9"" N"|"8549'59.9"" E"|2||93
Bikaner|Bikaner|South Asia|243|India|"281'0.1"" N"|"7317'60.0"" E"|2||94
Birmingham|Birmingham|Europe|140|United Kingdom of Great Britain and Northern Ireland|"5228'0.1"" N"|"155'0.0"" W"|2||95
Bishkek|Bishkek|Central Asia|712|Kyrgyzstan|"4252'23.2"" N"|"7436'1.1"" E"|2||96
Blantyre|Blantyre|Africa|574|Malawi|"1546'59.9"" S"|"350'0.0"" E"|2||97
Bloemfontein|Bloemfontein|Africa|1398|South Africa|"297'59.9"" S"|"2611'60.0"" E"|2||98
Bogor|Bogor|South-East Asia|200|Indonesia|"635'23.0"" S"|"10647'27.6"" E"|2||99
Bombay|Bombay|South Asia|35|India|"1858'30.0"" N"|"7249'32.9"" E"|2||100
Boston|Boston|North America|10|United States of America|"4219'59.9"" N"|"712'60.0"" W"|1|Alpha world city|101
Bouake|Bouake|Africa|313|Cte d'Ivoire|"740'60.0"" N"|"51'59.0"" W"|2||102
Brampton|Brampton|North America|213|Canada|"4340'59.9"" N"|"7946'0.1"" W"|2||103
Brazzaville|Brazzaville|Africa|156|Congo|"415'33.0"" S"|"1517'4.9"" E"|2||104
Bremen|Bremen|Europe|3|Germany|"534'59.9"" N"|"848'0.0"" E"|2||105
Bridgetown|Bridgetown|North America||Barbados|"1306'21"" N"|"5936'47"" W"|2|Capital of Barbados|106
Brisbane|Brisbane|South-East Asia|24|Australia|"2730'0.0"" S"|"1531'1.2"" E"|2||107
Bristol|Bristol|Europe|47|United Kingdom of Great Britain and Northern Ireland|"5127'0.0"" N"|"234'60.0"" W"|2||108
Broome,_Western_Australia|Broome, Western Australia|South-East Asia||Australia|"1757'43"" S"|"12214'10"" E"|2||109
Brussels|Brussels|Europe|62|Belgium|"5049'59.9"" N"|"419'60.0"" E"|1|Alpha world city|110
Bucaramanga|Bucaramanga|South America|1010|Colombia|"77'47.0"" N"|"737'32.9"" W"|2||111
Bucuresti|Bucuresti|Europe|77|Romania|"4425'59.9"" N"|"266'0.0"" E"|2||112
Budapest|Budapest|Europe|103|Hungary|"4730'0.0"" N"|"194'59.9"" E"|2||113
Buenos_Aires|Buenos Aires|South America|14|Argentina|"3435'15.0"" S"|"5840'21.0"" W"|1|Alpha world city|114
Bulawayo|Bulawayo|Africa|1353|Zimbabwe|"208'60.0"" S"|"2834'59.9"" E"|2||115
Bursa|Bursa|Central Asia|155|Turkey|"4011'30.1"" N"|"293'40.0"" E"|2||116
Busan|Busan|North-East Asia|6|South Korea|"356'10.1"" N"|"1292'24.0"" E"|2||117
Cagayan_De_Oro|Cagayan De Oro|South-East Asia|8|Philippines|"828'56.0"" N"|"12438'49.2"" E"|2||118
Cairo|Cairo|Africa|23|Egypt|"303'0.0"" N"|"3115'0.0"" E"|2||119
Calabar|Calabar|Africa|99|Nigeria|"457'0.0"" N"|"819'0.0"" E"|2||120
Calcutta|Calcutta|South Asia|13|India|"2234'10.9"" N"|"8822'10.9"" E"|2||121
Calgary|Calgary|North America|1097|Canada|"514'59.9"" N"|"1144'58.8"" W"|2||122
Cali|Cali|South America|745|Colombia|"326'14.0"" N"|"7631'21.0"" W"|2||123
Calicut|Calicut|South Asia|1|India|"1115'0.0"" N"|"7546'0.1"" E"|2||124
Campinas|Campinas|South America|662|Brazil|"2253'60.0"" S"|"474'59.9"" W"|2||125
Campo_Grande|Campo Grande|South America|586|Brazil|"2026'60.0"" S"|"5437'0.1"" W"|2||126
Cancun|Cancun|North America|5|Mexico|"2110'0.1"" N"|"8649'59.9"" W"|2||127
Cangzhou|Cangzhou|North-East Asia|12|China|"3819'0.1"" N"|"11652'1.2"" E"|2||128
Cape_Town|Cape Town|Africa|7|South Africa|"3355'0.1"" S"|"1825'0.1"" E"|2||129
Casablanca|Casablanca|Africa|42|Morocco|"3335'35.2"" N"|"736'59.0"" W"|2||130
Cebu_City|Cebu City|South-East Asia|3|Philippines|"1018'40.0"" N"|"12353'31.2"" E"|2||131
Chaiyaphum|Chaiyaphum|South-East Asia|208|Thailand|"1548'0.0"" N"|"1021'58.8"" E"|2||132
Chandigarh|Chandigarh|South Asia|339|India|"3044'13.9"" N"|"7647'13.9"" E"|2||133
Changchun|Changchun|North-East Asia|200|China|"4352'48.0"" N"|"12519'22.8"" E"|2||134
Changde|Changde|North-East Asia|35|China|"291'55.9"" N"|"11140'40.8"" E"|2||135
Changsha|Changsha|North-East Asia|46|China|"2810'45.1"" N"|"1136'50.4"" E"|2||136
Changzhou|Changzhou|North-East Asia|7|China|"3146'59.9"" N"|"11958'1.2"" E"|2||137
Charlotte|Charlotte|North America|229|United States of America|"3513'36.8"" N"|"8050'35.9"" W"|2||138
Cheboksary|Cheboksary|Russia|74|Russian Federation|"567'55.9"" N"|"4715'6.8"" E"|2||139
Chelyabinsk|Chelyabinsk|Russia|237|Russian Federation|"559'15.8"" N"|"6125'46.9"" E"|2||140
Chengde|Chengde|North-East Asia|272|China|"4046'13.1"" N"|"11810'12.0"" E"|2||141
Chengdu|Chengdu|North-East Asia|530|China|"3040'0.1"" N"|"1044'1.2"" E"|2||142
Chiang_Mai|Chiang Mai|South-East Asia|288|Thailand|"1847'25.1"" N"|"9858'54.1"" E"|2||143
Chiang_Rai|Chiang Rai|South-East Asia|429|Thailand|"1952'59.9"" N"|"9945'0.0"" E"|2||144
Chiba,_Chiba|Chiba, Chiba|North-East Asia|2|Japan|"3536'0.0"" N"|"1407'1.2"" E"|2||145
Chicago|Chicago|North America|181|United States of America|"4151'0.0"" N"|"8739'0.0"" W"|1|Alpha world city|146
Chiclayo|Chiclayo|South America|1|Peru|"646'25.0"" S"|"7950'30.1"" W"|2||147
Chisinau|Chisinau|Europe|115|Moldova, Republic of|"470'20.2"" N"|"2851'27.0"" E"|2||148
Chittagong|Chittagong|South Asia|25|Bangladesh|"2221'49.0"" N"|"9148'11.9"" E"|2||149
Chongqing|Chongqing|North-East Asia|265|China|"2933'46.1"" N"|"10633'10.8"" E"|2||150
Chonju|Chonju|North-East Asia|29|South Korea|"3549'18.8"" N"|"1278'56.4"" E"|2||151
Christchurch|Christchurch|South-East Asia||New Zealand|"4331'48"" S"|"17237'13"" E"|2||152
Chumphon|Chumphon|South-East Asia|229|Thailand|"1030'0.0"" N"|"9910'0.1"" E"|2||153
Cleveland|Cleveland|North America|185|United States of America|"4129'57.8"" N"|"8141'44.2"" W"|2||154
Cluj|Cluj|Europe|480|Romania|"4646'0.1"" N"|"2336'0.0"" E"|2||155
Cochabamba|Cochabamba|South America|2554|Bolivia|"1722'59.9"" S"|"669'0.0"" W"|2|Located at 2554m above sea level|156
Coimbatore|Coimbatore|South Asia|380|India|"1059'33.0"" N"|"7657'41.0"" E"|2||157
Cologne|Cologne|Europe|46|Germany|"5055'59.9"" N"|"657'0.0"" E"|2||158
Colombo|Colombo|South Asia|1|Sri Lanka|"655'55.0"" N"|"7950'52.1"" E"|2||159
Columbus,_Ohio|Columbus, Ohio|North America|237|United States of America|"3957'40.0"" N"|"8259'56.0"" W"|2||160
Conakry|Conakry|Africa|324|Guinea|"932'6.0"" N"|"1341'16.1"" W"|2||161
Copenhagen|Copenhagen|Europe|-|Denmark|"5540'0.1"" N"|"1234'59.9"" E"|2||162
Crdoba,_Argentina|Crdoba, Argentina|South America|410|Argentina|"3123'60.0"" S"|"6410'59.9"" W"|2||163
Cotonou|Cotonou|Africa|52|Benin|"620'60.0"" N"|"225'60.0"" E"|2||164
Cucuta|Cucuta|South America|308|Colombia|"752'60.0"" N"|"7230'19.1"" W"|2||165
Cuiaba|Cuiaba|South America|198|Brazil|"1534'59.9"" S"|"564'59.9"" W"|2||166
Culiacan|Culiacan|North America|71|Mexico|"2447'57.8"" N"|"10723'24.0"" W"|2||167
Curitiba|Curitiba|South America|914|Brazil|"2525'0.1"" S"|"4915'0.0"" W"|2||168
Cuttack|Cuttack|South Asia|37|India|"2030'0.0"" N"|"8549'59.9"" E"|2||169
Da_Nang|Da Nang|South-East Asia|7|Viet Nam|"164'4.1"" N"|"10813'15.6"" E"|2||170
Dadiangas|Dadiangas|South-East Asia|10|Philippines|"66'46.0"" N"|"12510'19.2"" E"|2||171
Daejeon|Daejeon|North-East Asia|44|South Korea|"3619'17.0"" N"|"12725'12.0"" E"|2||172
Dakar|Dakar|Africa|10|Senegal|"1440'14.9"" N"|"1726'17.2"" W"|2||173
Dalian|Dalian|North-East Asia|7|China|"3854'43.9"" N"|"12136'7.2"" E"|2||174
Dallas|Dallas|North America|137|United States of America|"3246'59.9"" N"|"9647'60.0"" W"|2||175
Damascus|Damascus|Central Asia|692|Syrian Arab Republic|"3330'0.0"" N"|"3617'60.0"" E"|2||176
Dandong|Dandong|North-East Asia|1|China|"407'45.1"" N"|"12423'42.0"" E"|2||177
Dar_Es_Salaam|Dar Es Salaam|Africa|1|Tanzania|"647'60.0"" S"|"3916'59.9"" E"|2||178
Darwin,_Northern_Territory|Darwin, Northern Territory|South-East Asia||Australia|"1227'0"" S"|"13050'0"" E"|2||179
Dasmarinas|Dasmarinas|South-East Asia|83|Philippines|"1419'45.8"" N"|"12056'13.2"" E"|2||180
Dasmarinas|Dasmarinas|South-East Asia|83|Philippines|"1419'45.8"" N"|"12056'13.2"" E"|2||181
Datong|Datong|North-East Asia|1017|China|"402'30.1"" N"|"11335'49.2"" E"|2||182
Davao_City|Davao City|South-East Asia|695|Philippines|"74'23.0"" N"|"12536'46.8"" E"|2||183
Dehra_Dun|Dehra Dun|South Asia|652|India|"3019'0.1"" N"|"781'59.9"" E"|2||184
Delhi|Delhi|South Asia|215|India|"2840'0.1"" N"|"7713'0.1"" E"|2||185
Detroit|Detroit|North America|181|United States of America|"4219'53.0"" N"|"832'44.9"" W"|2||186
Dhaka|Dhaka|South Asia|4|Bangladesh|"2343'23.2"" N"|"9024'31.0"" E"|2||187
Diyarbakir|Diyarbakir|Central Asia|676|Turkey|"3755'8.0"" N"|"4012'38.2"" E"|2||188
Dortmund|Dortmund|Europe|90|Germany|"5131'0.1"" N"|"727'0.0"" E"|2||189
Douala|Douala|Africa|1|Cameroon|"43'1.0"" N"|"941'60.0"" E"|2||190
Dras|Dras|South Asia||India|"3425'41.35"" N"|"7545'4.25"" E"|2|The coldest place in India, experiencing a subarctic climate due to its location in the Himalayas|191
Dresden|Dresden|Europe|111|Germany|"512'60.0"" N"|"1345'0.0"" E"|2||192
Dubai|Dubai|Central Asia|9|United Arab Emirates|"2515'7.9"" N"|"5516'48.0"" E"|1|Alpha world city|193
Dubayy|Dubayy|Central Asia|53|United Arab Emirates|"2515'7.9"" N"|"5516'48.0"" E"|2||194
Dublin|Dublin|Europe|9|Ireland|"5319'59.2"" N"|"614'56.0"" W"|1|Alpha world city|195
Duisburg|Duisburg|Europe|33|Germany|"5125'59.9"" N"|"645'0.0"" E"|2||196
Dunedin|Dunedin|South-East Asia||New Zealand|"4552'0"" S"|"17030'0"" E"|2||197
Durban|Durban|Africa|23|South Africa|"2951'0.0"" S"|"311'0.1"" E"|2||198
Dusseldorf|Dusseldorf|Europe|37|Germany|"5113'0.1"" N"|"646'0.0"" E"|2||199
Easter_Island|Easter Island|South America||Chile|"277'0"" S"|"10922'0"" W"|3||200
Edinburgh|Edinburgh|Europe|152|United Kingdom of Great Britain and Northern Ireland|"5557'0.0"" N"|"312'0.0"" W"|2||201
Edmonton|Edmonton|North America|643|Canada|"5332'60.0"" N"|"11330'0.0"" W"|2||202
El_Paso|El Paso|North America|1147|United States of America|"3145'31.0"" N"|"10629'9.6"" W"|2||203
Elazig|Elazig|Central Asia|1265|Turkey|"3840'31.1"" N"|"3913'14.2"" E"|2||204
Enugu|Enugu|Africa|152|Nigeria|"625'60.0"" N"|"728'60.0"" E"|2||205
Erzerum|Erzerum|Central Asia|1773|Turkey|"3954'31.0"" N"|"4116'36.8"" E"|2|Located at 1773m above sea level|206
Esfahan|Esfahan|Central Asia|1566|Iran|"3239'34.9"" N"|"5140'17.0"" E"|2|Located at 1566m above sea level|207
Eskisehir|Eskisehir|Central Asia|799|Turkey|"3946'36.1"" N"|"3031'14.2"" E"|2||208
Essaouira|Essaouira|Africa|415|Morocco|"3130'47.2"" N"|"946'11.0"" W"|2||209
Essen|Essen|Europe|100|Germany|"5127'0.0"" N"|"71'0.0"" E"|2||210
Faisalabad|Faisalabad|South Asia|175|Pakistan|"3125'0.1"" N"|"734'59.9"" E"|2||211
Faridabad|Faridabad|South Asia|197|India|"2825'59.9"" N"|"7719'0.1"" E"|2||212
Fes|Fes|Africa|582|Morocco|"343'10.1"" N"|"458'58.0"" W"|2||213
Fort_McMurray|Fort McMurray|North America||Canada|"5643'35"" N"|"11122'49"" W"|3||214
Fort_Worth|Fort Worth|North America|199|United States of America|"3243'31.1"" N"|"9719'14.2"" W"|2||215
Foshan|Foshan|North-East Asia|12|China|"231'59.9"" N"|"1137'1.2"" E"|2||216
Frankfurt|Frankfurt|Europe|113|Germany|"507'0.1"" N"|"840'60.0"" E"|1|Alpha world city|217
Freetown|Freetown|Africa|15|Sierra Leone|"829'24.0"" N"|"1314'3.1"" W"|2||218
Fresno|Fresno|North America|91|United States of America|"3644'52.1"" N"|"11946'15.6"" W"|2||219
Fukuoka|Fukuoka|North-East Asia|14|Japan|"3334'59.9"" N"|"13024'0.0"" E"|2||220
Fuxin|Fuxin|North-East Asia|129|China|"420'56.2"" N"|"12139'32.4"" E"|2||221
Fuzhou|Fuzhou|North-East Asia|22|China|"263'41.0"" N"|"11918'21.6"" E"|2||222
Garoua|Garoua|Africa|214|Cameroon|"918'0.0"" N"|"1324'0.0"" E"|2||223
Gaziantep|Gaziantep|Central Asia|859|Turkey|"373'33.8"" N"|"3722'57.0"" E"|2||224
Gdansk|Gdansk|Europe|15|Poland|"5421'0.0"" N"|"1840'0.1"" E"|2||225
General_Santos_City|General Santos City|South-East Asia|15|Philippines|"66'46.0"" N"|"12510'19.2"" E"|2||226
Geneve|Geneve|Europe|374|Switzerland|"4612'0.0"" N"|"610'0.0"" E"|2||227
Genoa|Genoa|Europe|37|Italy|"4425'0.1"" N"|"856'60.0"" E"|2||228
Ghom|Ghom|Central Asia|925|Iran|"3438'43.1"" N"|"5052'50.9"" E"|2||229
Gizeh|Gizeh|Africa|22|Egypt|"300'31.0"" N"|"3112'43.9"" E"|2||230
Glasgow|Glasgow|Europe|66|United Kingdom of Great Britain and Northern Ireland|"5549'59.9"" N"|"415'0.0"" W"|2||231
Goiania|Goiania|South America|785|Brazil|"1640'0.1"" S"|"4916'0.1"" W"|2||232
Gold_Coast,_Queensland|Gold Coast, Queensland|South-East Asia|1|Australia|"280'0.0"" S"|"15325'58.8"" E"|2||233
Gomel|Gomel|Europe|-|Belarus|"5226'30.1"" N"|"3058'59.9"" E"|2||234
Gorakhpur|Gorakhpur|South Asia|209|India|"2926'60.0"" N"|"7540'59.9"" E"|2||235
Goteborg|Goteborg|Europe|-|Sweden|"5743'0.1"" N"|"1158'0.1"" E"|2||236
Guadalajara|Guadalajara|North America|1582|Mexico|"2040'0.1"" N"|"10319'58.8"" W"|2|Located at 1582m above sea level|237
Guangzhou|Guangzhou|North-East Asia|10|China|"237'0.1"" N"|"11315'0.0"" E"|2||238
Guarulhos|Guarulhos|South America|682|Brazil|"2328'0.1"" S"|"4631'59.9"" W"|2||239
Guayaquil|Guayaquil|South America|80|Ecuador|"210'0.0"" S"|"7954'0.0"" W"|2||240
Guilin|Guilin|North-East Asia|138|China|"2516'59.9"" N"|"11016'58.8"" E"|2||241
Guiyang|Guiyang|North-East Asia|1089|China|"2634'59.9"" N"|"10643'1.2"" E"|2||242
Gujranwala|Gujranwala|South Asia|250|Pakistan|"328'60.0"" N"|"7410'59.9"" E"|2||243
Gulbarga|Gulbarga|South Asia|470|India|"1719'59.9"" N"|"7649'59.9"" E"|2||244
Guntur|Guntur|South Asia|36|India|"1618'0.0"" N"|"8027'0.0"" E"|2||245
Guwahati|Guwahati|South Asia|33|India|"2610'59.9"" N"|"9143'59.9"" E"|2||246
Gwalior|Gwalior|South Asia|271|India|"2613'25.0"" N"|"7810'45.1"" E"|2||247
Ha_Noi|Ha Noi|South-East Asia|26|Viet Nam|"211'59.9"" N"|"10550'60.0"" E"|2||248
Hai_Phong|Hai Phong|South-East Asia|3|Viet Nam|"2051'22.0"" N"|"10640'55.2"" E"|2||249
Haikou|Haikou|North-East Asia|-|China|"202'44.9"" N"|"11020'31.2"" E"|2||250
Halifax,_Nova_Scotia|Halifax, Nova Scotia|North America||Canada|"4438'52"" N"|"6334'17"" W"|2||251
Hamadan|Hamadan|Central Asia|1824|Iran|"3447'46.0"" N"|"4830'56.9"" E"|2|Located at 1824m above sea level|252
Hamah|Hamah|Central Asia|264|Syrian Arab Republic|"357'59.9"" N"|"3645'0.0"" E"|2||253
Hamamatsu|Hamamatsu|North-East Asia|14|Japan|"3442'0.0"" N"|"13743'58.8"" E"|2||254
Hamburg|Hamburg|Europe|3|Germany|"5332'60.0"" N"|"100'0.0"" E"|2||255
Hamilton,_Ontario|Hamilton, Ontario|North America|92|Canada|"4315'0.0"" N"|"7949'59.9"" W"|2||256
Hangzhou|Hangzhou|North-East Asia|18|China|"3015'19.1"" N"|"12010'8.4"" E"|2||257
Hanover|Hanover|Europe|63|Germany|"5222'0.1"" N"|"943'0.0"" E"|2||258
Haora|Haora|South Asia|16|India|"2235'21.1"" N"|"8818'37.1"" E"|2||259
Harare|Harare|Africa|1522|Zimbabwe|"1749'4.1"" S"|"312'40.9"" E"|2||260
Harbin|Harbin|North-East Asia|168|China|"4545'0.0"" N"|"12639'0.0"" E"|2||261
Hargeisa|Hargeisa|Africa|947|Somalia|"934'60.0"" N"|"444'0.1"" E"|2||262
Havana|Havana|North America|5|Cuba|"237'54.8"" N"|"8221'51.1"" W"|2||263
Hefei|Hefei|North-East Asia|18|China|"3151'50.0"" N"|"11716'51.6"" E"|2||264
Hegang|Hegang|North-East Asia|197|China|"4723'60.0"" N"|"13022'1.2"" E"|2||265
Helsinki|Helsinki|Europe|23|Finland|"6010'32.2"" N"|"2456'3.1"" E"|2||266
Hengyang|Hengyang|North-East Asia|78|China|"2653'17.2"" N"|"11236'54.0"" E"|2||267
Hermosillo|Hermosillo|North America|195|Mexico|"294'0.1"" N"|"11058'1.2"" W"|2||268
Himeji|Himeji|North-East Asia|11|Japan|"3449'0.1"" N"|"13441'60.0"" E"|2||269
Hims|Hims|Central Asia|510|Syrian Arab Republic|"3443'59.9"" N"|"3643'0.1"" E"|2||270
Hiroshima|Hiroshima|North-East Asia|32|Japan|"3423'60.0"" N"|"13226'60.0"" E"|2||271
Ho_Chi_Minh_City|Ho Chi Minh City|South-East Asia|4|Viet Nam|"1045'0.0"" N"|"10640'1.2"" E"|2||272
Hobart|Hobart|South-East Asia||Australia|"4252'50"" S"|"14719'30"" E"|2||273
Hohhot|Hohhot|North-East Asia|1092|China|"4048'38.2"" N"|"11139'7.2"" E"|2||274
Hong_Kong|Hong Kong|North-East Asia|89|Hong Kong|"2216'59.9"" N"|"1149'0.0"" E"|1|Alpha world city|275
Honolulu|Honolulu|North America||United States of America|"2118'0"" N"|"15749'0"" W"|2||276
Houston|Houston|North America|15|United States of America|"2945'47.2"" N"|"9521'47.2"" W"|2||277
Hubli|Hubli|South Asia|651|India|"1520'60.0"" N"|"7510'0.1"" E"|2||278
Hyderabad|Hyderabad|South Asia|494|India|"1722'31.1"" N"|"7828'27.8"" E"|2||279
Ibadan|Ibadan|Africa|248|Nigeria|"723'16.0"" N"|"353'47.0"" E"|2||280
Indianapolis|Indianapolis|North America|222|United States of America|"3946'5.9"" N"|"869'29.2"" W"|2||281
Indore|Indore|South Asia|541|India|"2243'0.1"" N"|"7549'59.9"" E"|2||282
Ipoh|Ipoh|South-East Asia|47|Malaysia|"434'60.0"" N"|"1014'58.8"" E"|2||283
Iqaluit|Iqaluit|North America||Canada|"6344'55"" N"|"06831'11"" W"|3|The smallest of Canadas territorial/provincial capitals|284
Iquitos|Iquitos|South America|107|Peru|"344'53.0"" S"|"7314'49.9"" W"|2||285
Irbil|Irbil|Central Asia|429|Iraq|"3611'24.0"" N"|"440'32.0"" E"|2||286
Irkutsk|Irkutsk|Russia|495|Russian Federation|"5216'0.1"" N"|"10419'58.8"" E"|2|Borderline subartic / humid continental climate in this Siberian city of almost 600,000 people|287
Islamabad|Islamabad|South Asia|497|Pakistan|"3342'0.0"" N"|"7310'0.1"" E"|2||288
Istanbul|Istanbul|Central Asia|157|Turkey|"411'7.0"" N"|"2857'52.9"" E"|1|Alpha world city|289
Izhevsk|Izhevsk|Russia|133|Russian Federation|"5651'0.0"" N"|"5313'59.9"" E"|2||290
Izmir|Izmir|Central Asia|559|Turkey|"3824'25.9"" N"|"279'1.1"" E"|2||291
Jabalpur|Jabalpur|South Asia|403|India|"2310'0.1"" N"|"7957'0.0"" E"|2||292
Jacksonville|Jacksonville|North America|7|United States of America|"3019'54.8"" N"|"8139'20.9"" W"|2||293
Jaipur|Jaipur|South Asia|428|India|"2655'0.1"" N"|"7549'0.1"" E"|2||294
Jakarta|Jakarta|South-East Asia|1|Indonesia|"610'28.0"" S"|"10649'44.4"" E"|1|Alpha world city|295
Jalandhar|Jalandhar|South Asia|226|India|"3119'32.2"" N"|"7534'45.1"" E"|2||296
Jammu|Jammu|South Asia|368|India|"3243'59.9"" N"|"7452'0.1"" E"|2||297
Jamnagar|Jamnagar|South Asia|13|India|"2228'0.1"" N"|"704'0.1"" E"|2||298
Jamshedpur|Jamshedpur|South Asia|135|India|"2248'0.0"" N"|"8610'59.9"" E"|2||299
Jiamusi|Jiamusi|North-East Asia|61|China|"4649'59.9"" N"|"13020'60.0"" E"|2||300
Jibuti|Jibuti|Africa|1|Djibouti|"1135'42.0"" N"|"438'53.2"" E"|2||301
Jiddah|Jiddah|Central Asia|34|Saudi Arabia|"2131'0.8"" N"|"3913'9.1"" E"|2||302
Jilin_City|Jilin City|North-East Asia|189|China|"4351'2.9"" N"|"12633'36.0"" E"|2||303
Jinan|Jinan|North-East Asia|27|China|"3640'5.9"" N"|"11659'49.2"" E"|2||304
Joao_Pessoa|Joao Pessoa|South America|4|Brazil|"77'0.0"" S"|"3452'0.1"" W"|2||305
Jodhpur|Jodhpur|South Asia|232|India|"2617'12.1"" N"|"731'48.0"" E"|2||306
Johannesburg|Johannesburg|Africa|1775|South Africa|"2611'60.0"" S"|"284'59.9"" E"|1|Alpha world city, located at 1775m above sea level|307
Johor_Bahru|Johor Bahru|South-East Asia|5|Malaysia|"128'0.0"" N"|"10345'0.0"" E"|2||308
Joinville|Joinville|South America|120|Brazil|"2618'0.0"" S"|"4849'59.9"" W"|2||309
Jos|Jos|Africa|1286|Nigeria|"955'0.0"" N"|"854'0.0"" E"|2||310
Juneau,_Alaska|Juneau, Alaska|North America|||"5818'0"" N"|"13425'0"" W"|2|Capital city of Alaska|311
Kabul|Kabul|Central Asia|1808|Afghanistan|"3431'0.1"" N"|"6910'59.9"" E"|2|Located at 1808m above sea level|312
Kagoshima|Kagoshima|North-East Asia|89|Japan|"3136'0.0"" N"|"13033'0.0"" E"|2||313
Kaifeng|Kaifeng|North-East Asia|77|China|"3444'39.1"" N"|"11425'8.4"" E"|2||314
Kaliningrad|Kaliningrad|Russia|15|Russian Federation|"5442'36.0"" N"|"2030'0.0"" E"|2|431,902 live in this Russian exclave city|315
Kalyan|Kalyan|South Asia|14|India|"1915'0.0"" N"|"739'0.0"" E"|2||316
Kampala|Kampala|Africa|1206|Uganda|"018'56.0"" N"|"3233'56.2"" E"|2||317
Kananga|Kananga|Africa|609|Congo DRC|"553'45.0"" S"|"2225'4.1"" E"|2||318
Kanazawa|Kanazawa|North-East Asia|20|Japan|"3634'0.1"" N"|"13639'0.0"" E"|2||319
Kano|Kano|Africa|518|Nigeria|"1159'47.0"" N"|"831'0.0"" E"|2||320
Kanpur|Kanpur|South Asia|130|India|"2628'0.1"" N"|"8020'60.0"" E"|2||321
Kaohsiung|Kaohsiung|North-East Asia|-|Taiwan|"2237'59.9"" N"|"12020'60.0"" E"|2||322
Karachi|Karachi|South Asia|14|Pakistan|"2452'0.1"" N"|"672'60.0"" E"|2||323
Karaj|Karaj|Central Asia|1138|Iran|"3549'44.0"" N"|"510'20.9"" E"|2||324
Kathmandu|Kathmandu|South Asia|1304|Nepal|"2743'0.1"" N"|"8519'0.1"" E"|2||325
Katsina|Katsina|Africa|465|Nigeria|"1259'52.1"" N"|"735'58.0"" E"|2||326
Kayseri|Kayseri|Central Asia|1055|Turkey|"3843'55.9"" N"|"3529'7.1"" E"|2||327
Kazan|Kazan|Russia|-|Russian Federation|"5545'0.0"" N"|"497'59.9"" E"|2||328
Kemerovo|Kemerovo|Russia|131|Russian Federation|"5519'59.9"" N"|"864'59.9"" E"|2||329
Kermanshah|Kermanshah|Central Asia|1389|Iran|"3418'51.1"" N"|"473'54.0"" E"|2||330
Khabarovsk|Khabarovsk|Russia|81|Russian Federation|"4830'0.0"" N"|"1355'60.0"" E"|2|This city's extreme climate sees average highs and lows vary by around 50 C per year|331
Kharkiv|Kharkiv|Europe|114|Ukraine|"500'0.0"" N"|"3615'0.0"" E"|2||332
Khartoum|Khartoum|Africa|379|Sudan|"1535'17.2"" N"|"3232'3.1"" E"|2||333
Khulna|Khulna|South Asia|9|Bangladesh|"2248'0.0"" N"|"8932'60.0"" E"|2||334
Kiev|Kiev|Europe|169|Ukraine|"5025'59.9"" N"|"3031'0.1"" E"|2||335
Kigale|Kigale|Africa|1568|Rwanda|"157'13.0"" S"|"303'38.2"" E"|2|Located at 1568m above sea level|336
Kingston,_Jamaica|Kingston, Jamaica|North America|42|Jamaica|"180'0.0"" N"|"7647'60.0"" W"|2||337
Kinshasa|Kinshasa|Africa|178|Congo DRC|"417'60.0"" S"|"1518'0.0"" E"|2||338
Kirkuk|Kirkuk|Central Asia|354|Iraq|"3528'5.2"" N"|"4423'31.9"" E"|2||339
Kirov,_Kirov_Oblast|Kirov, Kirov Oblast|Russia|179|Russian Federation|"5835'48.8"" N"|"4939'29.9"" E"|2||340
Kisangani|Kisangani|Africa|430|Congo DRC|"031'0.0"" N"|"2511'60.0"" E"|2||341
Kobe|Kobe|North-East Asia|46|Japan|"3440'59.9"" N"|"13510'1.2"" E"|2||342
Kochi|Kochi|South Asia|-|India|"958'0.0"" N"|"7613'59.9"" E"|2||343
Koeln|Koeln|Europe|46|Germany|"5055'59.9"" N"|"657'0.0"" E"|2||344
Kolhapur|Kolhapur|South Asia|531|India|"1641'60.0"" N"|"7413'0.1"" E"|2||345
Konya|Konya|Central Asia|1203|Turkey|"3751'56.2"" N"|"3228'57.0"" E"|2||346
Kota_Kinabalu|Kota Kinabalu|South-East Asia|9|Malaysia|"558'60.0"" N"|"1164'1.2"" E"|2||347
Krakow|Krakow|Europe|233|Poland|"504'59.9"" N"|"1955'0.1"" E"|2||348
Krasnodar|Krasnodar|Russia|45|Russian Federation|"451'58.1"" N"|"3858'36.8"" E"|2||349
Krasnoyarsk|Krasnoyarsk|Russia|232|Russian Federation|"560'34.9"" N"|"9247'30.1"" E"|2||350
Kryvyy_Rih|Kryvyy Rih|Europe|81|Ukraine|"4755'0.1"" N"|"3321'0.0"" E"|2||351
Kuala_Lumpur|Kuala Lumpur|South-East Asia|62|Malaysia|"310'0.0"" N"|"10142'0.0"" E"|1|Alpha world city|352
Kuching|Kuching|South-East Asia|1|Malaysia|"133'0.0"" N"|"11019'58.8"" E"|2||353
Kugluktuk|Kugluktuk|North America||Canada|"6749'32"" N"|"11505'42"" W"|3||354
Kumamoto|Kumamoto|North-East Asia|32|Japan|"3247'60.0"" N"|"13043'1.2"" E"|2||355
Kumasi|Kumasi|Africa|252|Ghana|"640'60.0"" N"|"137'0.0"" W"|2||356
Kunming|Kunming|North-East Asia|1911|China|"252'20.0"" N"|"10243'4.8"" E"|2|Located at 1911m above sea level|357
Kwangju|Kwangju|North-East Asia|31|South Korea|"359'16.9"" N"|"12654'57.6"" E"|2||358
Kyoto|Kyoto|North-East Asia|74|Japan|"350'0.0"" N"|"13545'0.0"" E"|2||359
La_Paz|La Paz|South America|3829|Bolivia|"1630'0.0"" S"|"689'0.0"" W"|2|Located at 3829m above sea level|360
La_Plata|La Plata|South America|29|Argentina|"3455'53.0"" S"|"5756'56.0"" W"|2||361
La_Rinconada,_Peru|La Rinconada, Peru|South America||Peru|"1437'57"" S"|"6926'45"" W"|2|50,000 people living in the highest inhabited place on earth|362
Labrador_City|Labrador City|North America||Canada|"5257'0"" N"|"6655'0"" W"|2|Iron ore mining town|363
Lagos|Lagos|Africa|39|Nigeria|"627'11.0"" N"|"323'45.0"" E"|2||364
Lahore|Lahore|South Asia|210|Pakistan|"3132'58.9"" N"|"7420'37.0"" E"|2||365
Lakhnau|Lakhnau|South Asia|132|India|"2651'0.0"" N"|"8055'0.1"" E"|2||366
Lampang|Lampang|South-East Asia|248|Thailand|"1817'53.9"" N"|"9930'25.9"" E"|2||367
Lanzhou|Lanzhou|North-East Asia|1572|China|"363'23.0"" N"|"10347'31.2"" E"|2||368
Larache|Larache|Africa|323|Morocco|"3511'49.9"" N"|"69'12.0"" W"|2||369
Las_Vegas|Las Vegas|North America|609|United States of America|"3610'30.0"" N"|"1158'9.6"" W"|2||370
Leeds|Leeds|Europe|61|United Kingdom of Great Britain and Northern Ireland|"5347'60.0"" N"|"134'60.0"" W"|2||371
Leipzig|Leipzig|Europe|110|Germany|"5117'60.0"" N"|"1219'59.9"" E"|2||372
Lhasa|Lhasa|North-East Asia||China|"2939'0"" N"|"9107'0"" E"|2|Capital of Tibet|373
Libreville|Libreville|Africa|-|Gabon|"022'60.0"" N"|"926'60.0"" E"|2||374
Lilongwe|Lilongwe|Africa|1171|Malawi|"1358'59.9"" S"|"3346'59.9"" E"|2||375
Lima|Lima|South America|712|Peru|"123'0.0"" S"|"772'60.0"" W"|2||376
Lisboa|Lisboa|Europe|231|Portugal|"3843'0.1"" N"|"97'60.0"" W"|2||377
Liuzhou|Liuzhou|North-East Asia|91|China|"2418'45.0"" N"|"10923'20.4"" E"|2||378
Liverpool|Liverpool|Europe|6|United Kingdom of Great Britain and Northern Ireland|"5325'0.1"" N"|"30'0.0"" W"|2||379
Lodz|Lodz|Europe|198|Poland|"5145'0.0"" N"|"1928'0.1"" E"|2||380
Loei|Loei|South-East Asia|246|Thailand|"1725'59.9"" N"|"10143'1.2"" E"|2||381
Lom|Lom|Africa|74|Togo|"67'55.0"" N"|"113'22.0"" E"|2||382
London|London|Europe|21|United Kingdom of Great Britain and Northern Ireland|"5130'0.0"" N"|"07'0.0"" W"|1|Alpha world city|383
Londrina|Londrina|South America|546|Brazil|"2318'0.0"" S"|"518'60.0"" W"|2||384
Long_Beach,_California|Long Beach, California|North America|1|United States of America|"3346'0.8"" N"|"11811'16.8"" W"|2||385
Longyearbyen|Longyearbyen|Europe||Norway|"7813'0"" N"|"1533'0"" E"|3||386
Los_Angeles|Los Angeles|North America|115|United States of America|"343'7.9"" N"|"11814'34.8"" W"|1|Alpha world city|387
Luanda|Luanda|Africa|6|Angola|"850'18.0"" S"|"1314'3.8"" E"|2||388
Ludhiana|Ludhiana|South Asia|243|India|"3053'60.0"" N"|"7550'60.0"" E"|2||389
Luoyang|Luoyang|North-East Asia|122|China|"3441'1.0"" N"|"11227'14.4"" E"|2||390
Lusaka|Lusaka|Africa|1277|Zambia|"1525'0.1"" S"|"2816'59.9"" E"|2||391
Luxor|Luxor|Africa||Egypt|"2541'0"" N"|"3239'0"" E"|2|Site of the Ancient Egyptian city of Thebes and one of the driest cities in the world|392
Lvov|Lvov|Europe|-|Ukraine|"4949'59.9"" N"|"240'0.0"" E"|2||393
Lyon|Lyon|Europe|173|France|"4545'0.0"" N"|"450'60.0"" E"|2||394
Maanshan|Maanshan|North-East Asia|-|China|"3143'59.9"" N"|"11828'58.8"" E"|2||395
Maceio|Maceio|South America|1|Brazil|"940'0.0"" S"|"3543'0.1"" W"|2||396
Macquarie_Island|Macquarie Island|South-East Asia||Australia|"5437'0.12"" S"|"15851'0"" E"|3|Uninhabited UNESCO World Heritage Site, and part of Australia|397
Madras|Madras|South Asia|7|India|"134'59.9"" N"|"8016'59.9"" E"|2||398
Madrid|Madrid|Europe|638|Spain|"4023'60.0"" N"|"340'60.0"" W"|1|Alpha world city|399
Madurai|Madurai|South Asia|135|India|"955'60.0"" N"|"787'0.1"" E"|2||400
Maha_Sarakham|Maha Sarakham|South-East Asia|149|Thailand|"1610'59.9"" N"|"10313'1.2"" E"|2||401
Maiduguri|Maiduguri|Africa|300|Nigeria|"1150'42.0"" N"|"139'36.0"" E"|2||402
Maisuru|Maisuru|South Asia|-|India|"1218'25.9"" N"|"7638'58.9"" E"|2||403
Makasar|Makasar|South-East Asia|3|Indonesia|"58'47.0"" S"|"11926'20.4"" E"|2||404
Makhachkala|Makhachkala|Russia|-|Russian Federation|"4258'31.1"" N"|"4730'7.9"" E"|2||405
Malaga|Malaga|Europe|291|Spain|"3643'0.1"" N"|"425'0.0"" W"|2||406
Malatia|Malatia|Central Asia|1006|Turkey|"3821'11.9"" N"|"3818'42.8"" E"|2||407
Manado|Manado|South-East Asia|16|Indonesia|"129'33.0"" N"|"12450'16.8"" E"|2||408
Managua|Managua|South America|306|Nicaragua|"129'2.9"" N"|"8616'5.9"" W"|2||409
Manaus|Manaus|South America|35|Brazil|"36'48.0"" S"|"601'31.1"" W"|2||410
Mandalay|Mandalay|South-East Asia|80|Myanmar|"220'0.0"" N"|"964'59.9"" E"|2||411
Manila|Manila|South-East Asia|19|Philippines|"1436'15.1"" N"|"12058'55.2"" E"|2||412
Maputo|Maputo|Africa|47|Mozambique|"2557'55.1"" S"|"3235'21.1"" E"|2||413
Mar_Del_Plata|Mar Del Plata|South America|39|Argentina|"380'0.0"" S"|"5732'60.0"" W"|2||414
Maracaibo|Maracaibo|South America|3|Venezuela|"1037'54.1"" N"|"7138'26.2"" W"|2||415
Marrakech|Marrakech|Africa|451|Morocco|"3137'59.9"" N"|"80'0.0"" W"|2||416
Marseille|Marseille|Europe|54|France|"4317'60.0"" N"|"524'0.0"" E"|2||417
Mashhad|Mashhad|Central Asia|1022|Iran|"3617'44.9"" N"|"5936'42.8"" E"|2||418
Matsuyama|Matsuyama|North-East Asia|28|Japan|"3350'11.0"" N"|"13245'10.8"" E"|2||419
Mecca|Mecca|Central Asia|307|Saudi Arabia|"2125'36.1"" N"|"3949'34.0"" E"|2||420
Medan|Medan|South-East Asia|52|Indonesia|"334'60.0"" N"|"9840'0.1"" E"|2||421
Medelln|Medelln|South America|1510|Colombia|"617'29.0"" N"|"7532'10.0"" W"|2|Located at 1510m above sea level|422
Medina|Medina|Central Asia|628|Saudi Arabia|"2428'7.0"" N"|"3936'51.1"" E"|2||423
Meerut|Meerut|South Asia|220|India|"2858'59.9"" N"|"7742'0.0"" E"|2||424
Meknes|Meknes|Africa|548|Morocco|"3353'60.0"" N"|"532'60.0"" W"|2||425
Melbourne|Melbourne|South-East Asia|58|Australia|"3749'0.1"" S"|"14458'1.2"" E"|1|Alpha world city|426
Memphis|Memphis|North America|75|United States of America|"3455'5.2"" N"|"908'12.8"" W"|2||427
Mersin|Mersin|Central Asia|6|Turkey|"3643'58.1"" N"|"3438'39.1"" E"|2||428
Mesa,_Arizona|Mesa, Arizona|North America|386|United States of America|"3325'19.9"" N"|"11149'19.2"" W"|2||429
Mexicali|Mexicali|North America|2|Mexico|"3239'6.8"" N"|"11528'4.8"" W"|2||430
Mexico_City|Mexico City|North America|2224|Mexico|"1923'60.0"" N"|"992'60.0"" W"|1|Alpha world city, located at 2224m above sea level|431
Miami|Miami|North America||United States of America|"2546'31"" N"|"8012'32"" W"|1|Alpha world city|432
Milan|Milan|Europe|110|Italy|"4528'0.1"" N"|"911'60.0"" E"|1|Alpha world city|433
Milwaukee|Milwaukee|North America|195|United States of America|"432'20.0"" N"|"8754'23.0"" W"|2||434
Minneapolis|Minneapolis|North America||United States of America|"4459'0"" N"|"9316'0"" W"|2||435
Minsk|Minsk|Europe|215|Belarus|"5353'60.0"" N"|"2734'0.1"" E"|2||436
Mississauga|Mississauga|North America|171|Canada|"438'60.0"" N"|"7930'0.0"" W"|2||437
Mogadishu|Mogadishu|Africa|58|Somalia|"24'0.0"" N"|"4522'0.1"" E"|2||438
Mombasa|Mombasa|Africa|1|Kenya|"42'60.0"" S"|"3940'0.1"" E"|2||439
Monrovia|Monrovia|Africa|30|Liberia|"618'38.0"" N"|"1048'16.9"" W"|2||440
Montevideo|Montevideo|South America|78|Uruguay|"3451'29.2"" S"|"5610'14.9"" W"|2||441
Montreal|Montreal|North America|113|Canada|"4530'0.0"" N"|"7334'59.9"" W"|2||442
Morelia|Morelia|North America|1895|Mexico|"1941'60.0"" N"|"1017'1.2"" W"|2|Located at 1895m above sea level|443
Moscow|Moscow|Russia|151|Russian Federation|"5545'7.9"" N"|"3736'56.2"" E"|1|Alpha world city|444
Mosul|Mosul|Central Asia|283|Iraq|"3619'45.1"" N"|"435'10.0"" E"|2||445
Mudanjiang|Mudanjiang|North-East Asia|246|China|"4434'59.9"" N"|"12935'60.0"" E"|2||446
Multan|Multan|South Asia|125|Pakistan|"3011'44.2"" N"|"7128'31.1"" E"|2||447
Munich|Munich|Europe|508|Germany|"488'60.0"" N"|"1134'59.9"" E"|1|Alpha world city|448
Murmansk|Murmansk|Russia||Russian Federation|"6858'0"" N"|"3305'0"" E"|3||449
Mwanza|Mwanza|Africa|1225|Tanzania|"231'0.0"" S"|"3253'60.0"" E"|2||450
Nagoya|Nagoya|North-East Asia|15|Japan|"3510'0.1"" N"|"13655'1.2"" E"|2||451
Nagpur|Nagpur|South Asia|305|India|"218'60.0"" N"|"795'60.0"" E"|2||452
Nairobi|Nairobi|Africa|1731|Kenya|"116'60.0"" S"|"3649'0.1"" E"|2|Located at 1731m above sea level|453
Nakhon_Phanom|Nakhon Phanom|South-East Asia|150|Thailand|"1722'0.1"" N"|"10443'1.2"" E"|2||454
Nakhon_Ratchasima|Nakhon Ratchasima|South-East Asia|181|Thailand|"1458'0.1"" N"|"1027'1.2"" E"|2||455
Nakhon_Sawan|Nakhon Sawan|South-East Asia|17|Thailand|"1540'59.9"" N"|"1007'1.2"" E"|2||456
Nakhon_Si_Thammarat|Nakhon Si Thammarat|South-East Asia|11|Thailand|"825'60.0"" N"|"9958'0.1"" E"|2||457
Namangan|Namangan|Central Asia|633|Uzbekistan|"4059'43.1"" N"|"7140'21.0"" E"|2||458
Nanchang|Nanchang|North-East Asia|19|China|"2833'0.0"" N"|"11555'58.8"" E"|2||459
Nanjing|Nanjing|North-East Asia|12|China|"323'42.1"" N"|"11846'40.8"" E"|2||460
Nanning|Nanning|North-East Asia|73|China|"2249'0.1"" N"|"10819'1.2"" E"|2||461
Nantong|Nantong|North-East Asia|8|China|"321'49.1"" N"|"12052'30.0"" E"|2||462
Naples|Naples|Europe|-|Italy|"4049'59.9"" N"|"1415'0.0"" E"|2||463
Napoli|Napoli|Europe|-|Italy|"4049'59.9"" N"|"1415'0.0"" E"|2||464
Nashville|Nashville|North America|151|United States of America|"369'56.9"" N"|"8647'3.8"" W"|2||465
Naucalpan|Naucalpan|North America|2290|Mexico|"1928'45.8"" N"|"9914'17.9"" W"|2|Located at 2290m above sea level|466
Neijiang|Neijiang|North-East Asia|318|China|"2935'1.0"" N"|"1053'32.4"" E"|2||467
New_Orleans|New Orleans|North America|-|United States of America|"2957'15.8"" N"|"904'30.0"" W"|2||468
New_Patna|New Patna|South Asia|50|India|"2536'0.0"" N"|"857'0.1"" E"|2||469
Newcastle,_New_South_Wales|Newcastle, New South Wales|South-East Asia|1|Australia|"3255'0.1"" S"|"15145'0.0"" E"|2||470
Niamey|Niamey|Africa|227|Niger|"1331'0.1"" N"|"27'0.0"" E"|2||471
Ningbo|Ningbo|North-East Asia|9|China|"2952'30.0"" N"|"12132'31.2"" E"|2||472
Nizhniy_Novgorod|Nizhniy Novgorod|Russia|135|Russian Federation|"5619'59.9"" N"|"440'0.0"" E"|2||473
Nome,_Alaska|Nome, Alaska|North America||United States of America|"6430'14"" N"|"16523'58"" W"|3||474
Nong_Khai|Nong Khai|South-East Asia|184|Thailand|"1752'34.0"" N"|"10244'38.4"" E"|2||475
Nouakchott|Nouakchott|Africa|-|Mauritania|"185'11.0"" N"|"1558'31.1"" W"|2||476
Nouma|Nouma|Europe||France|"2216'33"" S"|"16627'29"" E"|3||477
Novaya_Zemlya|Novaya Zemlya|Russia||Russian Federation|"740'0"" N"|"560'0"" E"|3||478
Novosibirsk|Novosibirsk|Russia|151|Russian Federation|"552'28.0"" N"|"8256'3.8"" E"|2||479
Nuremberg|Nuremberg|Europe|-|Germany|"4926'52.1"" N"|"114'5.9"" E"|2||480
Nuuk|Nuuk|Europe||Denmark|"6410'30"" N"|"5144'20"" W"|3||481
Odesa|Odesa|Europe|41|Ukraine|"4628'0.1"" N"|"3043'59.9"" E"|2||482
Okayama|Okayama|North-East Asia|40|Japan|"3438'60.0"" N"|"13355'1.2"" E"|2||483
Oklahoma_City|Oklahoma City|North America|364|United States of America|"3528'3.0"" N"|"9730'58.0"" W"|2||484
Omdurman|Omdurman|Africa|389|Sudan|"1538'10.0"" N"|"3226'13.9"" E"|2||485
Omsk|Omsk|Russia|98|Russian Federation|"550'0.0"" N"|"7324'0.0"" E"|2||486
Orenburg|Orenburg|Russia|107|Russian Federation|"5147'4.9"" N"|"555'55.0"" E"|2||487
Orumiyeh|Orumiyeh|Central Asia|1344|Iran|"3733'18.0"" N"|"456'10.1"" E"|2||488
Osaka|Osaka|North-East Asia|5|Japan|"3440'0.1"" N"|"13530'0.0"" E"|2||489
Osasco|Osasco|South America|667|Brazil|"2334'0.1"" S"|"4646'59.9"" W"|2||490
Ottawa|Ottawa|North America|71|Canada|"4525'0.1"" N"|"7542'0.0"" W"|2||491
Ouagadougou|Ouagadougou|Africa|306|Burkina Faso|"1222'13.1"" N"|"131'29.0"" W"|2||492
Ouarzazate|Ouarzazate|Africa|1365|Morocco|"3055'18.1"" N"|"655'3.0"" W"|2||493
Oymyakon|Oymyakon|Russia||Russian Federation|"6327'39"" N"|"14247'09"" E"|3|The Northern Pole of Cold?|494
Padang|Padang|South-East Asia|31|Indonesia|"057'0.0"" S"|"10020'60.0"" E"|2||495
Palembang|Palembang|South-East Asia|3|Indonesia|"255'0.0"" S"|"10445'0.0"" E"|2||496
Palermo|Palermo|Europe|8|Italy|"387'0.1"" N"|"1322'0.1"" E"|2||497
Panzhihua|Panzhihua|North-East Asia|1310|China|"2633'0.0"" N"|"10143'58.8"" E"|2||498
Papeete|Papeete|Europe||France|"1732'06"" S"|"14934'11"" W"|3||499
Paris|Paris|Europe|34|France|"4852'0.1"" N"|"219'60.0"" E"|1|Alpha world city|500
Patna|Patna|South Asia|50|India|"2536'0.0"" N"|"857'0.1"" E"|2||501
Penza|Penza|Russia|187|Russian Federation|"5311'44.9"" N"|"450'0.0"" E"|2||502
Perm|Perm|Russia|-|Russian Federation|"580'0.0"" N"|"5615'0.0"" E"|2||503
Perth|Perth|South-East Asia|34|Australia|"3155'59.9"" S"|"11549'58.8"" E"|2||504
Peshawar|Peshawar|South Asia|315|Pakistan|"340'29.9"" N"|"7134'22.1"" E"|2||505
Petaling_Jaya|Petaling Jaya|South-East Asia|63|Malaysia|"34'60.0"" N"|"10139'0.0"" E"|2||506
Petropavlovsk-Kamchatsky|Petropavlovsk-Kamchatsky|Russia||Russian Federation|"5301'0"" N"|"15839'0"" E"|3|Capital of the Kamchatka Peninsula in Russia|507
Phetchabun|Phetchabun|South-East Asia|112|Thailand|"1621'0.0"" N"|"1019'0.0"" E"|2||508
Philadelphia|Philadelphia|North America|-|United States of America|"3957'7.9"" N"|"759'51.1"" W"|2||509
Phitsanulok|Phitsanulok|South-East Asia|321|Thailand|"1649'59.9"" N"|"10015'0.0"" E"|2||510
Phnom_Penh|Phnom Penh|Africa|18|Cambodia|"1133'0.0"" N"|"10455'1.2"" E"|2||511
Phoenix,_Arizona|Phoenix, Arizona|North America|-|United States of America|"3326'53.9"" N"|"1124'22.8"" W"|2||512
Pietermaritzburg|Pietermaritzburg|Africa|596|South Africa|"2937'0.1"" S"|"3022'59.9"" E"|2||513
Port_Elizabeth|Port Elizabeth|Africa|-|South Africa|"3358'0.1"" S"|"2534'59.9"" E"|2||514
Port_Harcourt|Port Harcourt|Africa|463|Nigeria|"447'21.0"" N"|"659'55.0"" E"|2||515
Port_Moresby|Port Moresby|South-East Asia||Papua New Guinea|"930'49.1"" S"|"14713'7.7"" E"|2||516
Port-au-prince|Port-au-prince|North America|124|Haiti|"1832'21.1"" N"|"7220'6.0"" W"|2||517
Port-aux-Franais|Port-aux-Franais|Europe||France|"4921'0"" S"|"7013'0"" E"|3|Remote French seaport|518
Portland,_Oregon|Portland, Oregon|North America|61|United States of America|"4531'25.0"" N"|"12240'30.0"" W"|2||519
Porto_Alegre|Porto Alegre|South America|34|Brazil|"301'59.9"" S"|"5112'0.0"" W"|2||520
Poznan|Poznan|Europe|50|Poland|"5225'0.1"" N"|"1658'0.1"" E"|2||521
Prachuap_Khiri_Khan|Prachuap Khiri Khan|South-East Asia|34|Thailand|"1145'0.0"" N"|"9943'59.9"" E"|2||522
Praha|Praha|Europe|254|Czech Republic|"504'59.9"" N"|"1428'0.1"" E"|2||523
Pretoria|Pretoria|Africa|1282|South Africa|"2542'24.8"" S"|"2813'45.8"" E"|2||524
Prishtina|Prishtina|Europe|571|Serbia|"4238'21.8"" N"|"215'46.0"" E"|2||525
Pune|Pune|South Asia|570|India|"1831'59.9"" N"|"7352'0.1"" E"|2||526
Punta_Arenas|Punta Arenas|South America||Chile|"5310'0"" S"|"7056'0"" W"|3|Capital of Chile's southernmost region, with 127,000 inhabitants|527
Pyongyang|Pyongyang|North-East Asia|13|South Korea|"391'9.8"" N"|"12545'18.0"" E"|2||528
Qingdao|Qingdao|North-East Asia|31|China|"365'55.0"" N"|"12022'19.2"" E"|2||529
Qinhuangdao|Qinhuangdao|North-East Asia|3|China|"3955'54.1"" N"|"11935'16.8"" E"|2||530
Qiqihar|Qiqihar|North-East Asia|140|China|"4720'26.9"" N"|"12358'1.2"" E"|2||531
Qom|Qom|Central Asia|925|Iran|"3438'43.1"" N"|"5052'50.9"" E"|2||532
Quebec_City|Quebec City|North America|71|Canada|"4647'60.0"" N"|"7115'0.0"" W"|2||533
Quetta|Quetta|South Asia|1671|Pakistan|"3011'60.0"" N"|"670'0.0"" E"|2|Located at 1671m above sea level|534
Quito|Quito|South America|2764|Ecuador|"013'0.0"" S"|"7830'0.0"" W"|2|Located at 2764m above sea level|535
Rabat|Rabat|Africa|54|Morocco|"341'31.1"" N"|"650'10.0"" W"|2||536
Raipur|Raipur|South Asia|298|India|"2113'59.9"" N"|"8137'59.9"" E"|2||537
Rajkot|Rajkot|South Asia|134|India|"2218'0.0"" N"|"7046'59.9"" E"|2||538
Rajshahi|Rajshahi|South Asia|28|Bangladesh|"2422'0.1"" N"|"8835'60.0"" E"|2||539
Ranchi|Ranchi|South Asia|621|India|"2321'0.0"" N"|"8519'59.9"" E"|2||540
Rasht|Rasht|Central Asia|1|Iran|"3716'45.8"" N"|"4935'8.9"" E"|2||541
Rawalpindi|Rawalpindi|South Asia|484|Pakistan|"3336'0.0"" N"|"734'0.1"" E"|2||542
Recife|Recife|South America|1|Brazil|"83'0.0"" S"|"3453'60.0"" W"|2||543
Reykjavik|Reykjavik|Europe||Iceland|"6408'0"" N"|"2156'0"" W"|2||544
Reynosa|Reynosa|North America|35|Mexico|"264'59.9"" N"|"9816'59.9"" W"|2||545
Riga|Riga|Europe|1|Latvia|"5657'0.0"" N"|"246'0.0"" E"|2||546
Rio_De_Janeiro|Rio De Janeiro|South America|1|Brazil|"2253'60.0"" S"|"4313'59.9"" W"|2||547
Riyadh|Riyadh|Central Asia|618|Saudi Arabia|"2438'26.9"" N"|"4646'22.1"" E"|2||548
Roi_Et|Roi Et|South-East Asia|188|Thailand|"163'0.0"" N"|"10340'1.2"" E"|2||549
Rome|Rome|Europe|14|Italy|"4153'60.0"" N"|"1228'59.9"" E"|2||550
Rosario|Rosario|South America|11|Argentina|"3257'4.0"" S"|"6039'59.0"" W"|2||551
Rostov-na-donu|Rostov-na-donu|Russia|80|Russian Federation|"4714'11.0"" N"|"3942'50.0"" E"|2||552
Rotterdam|Rotterdam|Europe|-|Netherlands|"5155'0.1"" N"|"430'0.0"" E"|2||553
Sacramento|Sacramento|North America|5|United States of America|"3834'54.1"" N"|"12129'34.8"" W"|2||554
Saint_Petersburg|Saint Petersburg|Russia|5|Russian Federation|"5953'39.8"" N"|"3015'51.1"" E"|2|Russia's second city|555
Saint_Pierre_and_Miquelon|Saint Pierre and Miquelon|Europe||France|"4647'0"" N"|"5610'0"" W"|3|The only remnant of the former colonial empire of New France that remains under French control|556
Saint-Denis,_Runion|Saint-Denis, Runion|Africa|1259|Runion|"2052'59.9"" S"|"5531'59.9"" E"|2||557
Sakon_Nakhon|Sakon Nakhon|South-East Asia|205|Thailand|"174'59.9"" N"|"1042'60.0"" E"|2||558
Salta|Salta|South America|1187|Argentina|"2446'59.9"" S"|"6525'0.1"" W"|2||559
Saltillo|Saltillo|North America|1596|Mexico|"2525'0.1"" N"|"1010'0.0"" W"|2|Located at 1596m above sea level|560
Salvador,_Bahia|Salvador, Bahia|South America|1|Brazil|"1258'59.9"" S"|"3831'0.1"" W"|2||561
San_Antonio|San Antonio|North America|196|United States of America|"2925'26.0"" N"|"9829'35.9"" W"|2||562
San_Diego|San Diego|North America|26|United States of America|"3242'55.1"" N"|"1179'21.6"" W"|2||563
San_Francisco|San Francisco|North America|60|United States of America|"3746'30.0"" N"|"12225'4.8"" W"|1|Alpha world city|564
San_Jose,_California|San Jose, California|North America|24|United States of America|"3720'21.8"" N"|"12153'38.4"" W"|2||565
San_Miguel_de_Tucumn|San Miguel de Tucumn|South America|437|Argentina|"2649'0.1"" S"|"6513'0.1"" W"|2||566
San_Pedro_Sula|San Pedro Sula|North America|84|Honduras|"1530'0.0"" N"|"881'59.9"" W"|2||567
San_Salvador|San Salvador|North America|452|El Salvador|"1342'31.0"" N"|"8912'11.2"" W"|2||568
Sana%27a|Sana%27a|Central Asia|2245|Yemen|"1521'16.9"" N"|"4412'24.1"" E"|2|Located at 2245m above sea level|569
Santa_Marta|Santa Marta|South America|9|Colombia|"1114'49.9"" N"|"7412'6.1"" W"|2||570
Sao_Bernardo_Do_Campo|Sao Bernardo Do Campo|South America|763|Brazil|"2341'60.0"" S"|"4632'60.0"" W"|2||571
Sao_Luis|Sao Luis|South America|1|Brazil|"231'0.0"" S"|"4416'0.1"" W"|2||572
Sao_Paulo|Sao Paulo|South America|631|Brazil|"2331'59.9"" S"|"4637'0.1"" W"|1|Alpha world city|573
Sapporo|Sapporo|North-East Asia|31|Japan|"433'16.9"" N"|"14121'14.4"" E"|2||574
Saratov|Saratov|Russia|145|Russian Federation|"5134'0.1"" N"|"461'59.9"" E"|2||575
Sargodha|Sargodha|South Asia|193|Pakistan|"325'1.0"" N"|"7240'16.0"" E"|2||576
Schefferville|Schefferville|North America||Canada|"5448'0"" N"|"6650'0"" W"|3||577
Seattle|Seattle|North America|60|United States of America|"4736'23.0"" N"|"12219'51.6"" W"|2||578
Semarang|Semarang|South-East Asia|19|Indonesia|"658'0.0"" S"|"11025'1.2"" E"|2||579
Sendai|Sendai|North-East Asia|50|Japan|"3815'16.9"" N"|"14053'6.0"" E"|2||580
Seoul|Seoul|North-East Asia|46|South Korea|"3733'59.0"" N"|"1270'0.0"" E"|1|Alpha world city|581
Sevilla|Sevilla|Europe|2|Spain|"3722'37.9"" N"|"559'13.0"" W"|2||582
Shah_Alam|Shah Alam|South-East Asia|76|Malaysia|"34'60.0"" N"|"10131'58.8"" E"|2||583
Shanghai|Shanghai|North-East Asia|6|China|"310'18.0"" N"|"12124'32.4"" E"|1|Alpha world city|584
Shantou|Shantou|North-East Asia|3|China|"2322'0.1"" N"|"11640'1.2"" E"|2||585
Shaoguan|Shaoguan|North-East Asia|29|China|"2448'0.0"" N"|"11334'58.8"" E"|2||586
Shaoyang|Shaoyang|North-East Asia|257|China|"270'47.2"" N"|"11115'18.0"" E"|2||587
Sharjah|Sharjah|Central Asia|18|United Arab Emirates|"2521'43.9"" N"|"5523'28.0"" E"|2||588
Sheffield|Sheffield|Europe|110|United Kingdom of Great Britain and Northern Ireland|"5322'0.1"" N"|"130'0.0"" W"|2||589
Shenyang|Shenyang|North-East Asia|53|China|"4147'31.9"" N"|"12325'58.8"" E"|2||590
Shenzhen|Shenzhen|North-East Asia|29|China|"2231'59.9"" N"|"1147'58.8"" E"|2||591
Shihezi|Shihezi|North-East Asia|461|China|"4417'60.0"" N"|"861'59.9"" E"|2||592
Shiliguri|Shiliguri|South Asia|123|India|"2642'58.0"" N"|"8825'25.0"" E"|2||593
Shiraz|Shiraz|Central Asia|1531|Iran|"2936'54.0"" N"|"5232'17.9"" E"|2|Located at 1531m above sea level|594
Sholapur|Sholapur|South Asia|460|India|"1740'59.9"" N"|"7555'0.1"" E"|2||595
Sialkot|Sialkot|South Asia|256|Pakistan|"3230'0.0"" N"|"7431'0.1"" E"|2||596
Singapore|Singapore|South-East Asia|1|Singapore|"117'35.0"" N"|"10351'21.6"" E"|1|Alpha world city|597
Skopje|Skopje|Europe|246|Macedonia|"420'0.0"" N"|"2125'59.9"" E"|2||598
Sofia|Sofia|Europe|569|Bulgaria|"4240'59.9"" N"|"2319'0.1"" E"|2||599
Songkhla|Songkhla|South-East Asia|164|Thailand|"77'60.0"" N"|"10031'58.8"" E"|2||600
Sorocaba|Sorocaba|South America|600|Brazil|"2328'59.9"" S"|"4727'0.0"" W"|2||601
Soweto|Soweto|Africa|1620|South Africa|"2616'0.1"" S"|"2752'0.1"" E"|2|Located at 1620m above sea level|602
Srinagar|Srinagar|South Asia|1561|India|"345'31.9"" N"|"7448'7.9"" E"|2|Located at 1561m above sea level|603
St._John%27s,_Newfoundland_and_Labrador|St. John%27s, Newfoundland and Labrador|North America||Canada|"4734'3"" N"|"5242'26"" W"|2|Capital and largest city in Newfoundland and Labrador|604
Stanley,_Falkland_Islands|Stanley, Falkland Islands|South America||British Overseas Territory|"5141'31.56"" S"|"5751'32.04"" W"|3||605
Stockholm|Stockholm|Europe|20|Sweden|"5919'59.9"" N"|"183'0.0"" E"|1|Alpha world city|606
Stuttgart|Stuttgart|Europe|359|Germany|"4846'0.1"" N"|"910'60.0"" E"|2||607
Suphan_Buri|Suphan Buri|South-East Asia|13|Thailand|"1428'0.1"" N"|"1007'1.2"" E"|2||608
Surabaya|Surabaya|South-East Asia|1|Indonesia|"714'57.0"" S"|"11245'3.6"" E"|2||609
Surakarta|Surakarta|South-East Asia|109|Indonesia|"734'60.0"" S"|"11049'58.8"" E"|2||610
Surat|Surat|South Asia|13|India|"2058'0.1"" N"|"7254'0.0"" E"|2||611
Surat_Thani|Surat Thani|South-East Asia|2|Thailand|"97'60.0"" N"|"9919'0.1"" E"|2||612
Suva|Suva|South-East Asia||Fiji|"188'29"" S"|"17826'30.84"" E"|3||613
Suwon|Suwon|North-East Asia|61|South Korea|"3717'3.1"" N"|"1271'8.4"" E"|2||614
Suzhou|Suzhou|North-East Asia|4|China|"3118'41.0"" N"|"12037'4.8"" E"|2||615
Tabriz|Tabriz|Central Asia|1395|Iran|"384'48.0"" N"|"4617'30.8"" E"|2||616
Taegu|Taegu|North-East Asia|41|South Korea|"3552'13.1"" N"|"12835'27.6"" E"|2||617
Taejon|Taejon|North-East Asia|55|South Korea|"3621'0.0"" N"|"12719'58.8"" E"|2||618
Taichung|Taichung|North-East Asia|-|Taiwan|"248'35.9"" N"|"12040'51.6"" E"|2||619
Tainan|Tainan|North-East Asia|-|Taiwan|"2259'35.9"" N"|"12012'14.4"" E"|2||620
Taipei|Taipei|North-East Asia|10|Taiwan|"252'21.1"" N"|"12131'30.0"" E"|1|Alpha world city|621
Taiyuan|Taiyuan|North-East Asia|794|China|"3743'36.8"" N"|"11228'15.6"" E"|2||622
Tangier|Tangier|Africa|80|Morocco|"3547'4.9"" N"|"548'46.0"" W"|2||623
Tangshan|Tangshan|North-East Asia|-|China|"3719'57.0"" N"|"11442'3.6"" E"|2||624
Tashkent|Tashkent|Central Asia|460|Uzbekistan|"4119'0.1"" N"|"6915'0.0"" E"|2||625
Taza|Taza|Africa|537|Morocco|"3413'0.1"" N"|"41'0.0"" W"|2||626
Tbilisi|Tbilisi|Central Asia|420|Georgia|"4143'30.0"" N"|"4447'26.9"" E"|2||627
Tegucigalpa|Tegucigalpa|North America|1032|Honduras|"145'60.0"" N"|"8713'0.1"" W"|2||628
Tehran|Tehran|Central Asia|1149|Iran|"3540'18.8"" N"|"5125'27.8"" E"|2||629
Teresina|Teresina|South America|58|Brazil|"54'60.0"" S"|"4249'0.1"" W"|2||630
Thane|Thane|South Asia|11|India|"1911'60.0"" N"|"7258'0.1"" E"|2||631
The_Hague|The Hague|Europe|-|Netherlands|"524'59.9"" N"|"417'60.0"" E"|2||632
Thiruvananthapuram|Thiruvananthapuram|South Asia|1|India|"830'25.0"" N"|"7657'24.8"" E"|2||633
Tianjin|Tianjin|North-East Asia|4|China|"398'31.9"" N"|"11710'37.2"" E"|2||634
Tijuana|Tijuana|North America|32|Mexico|"3231'59.9"" N"|"1171'1.2"" W"|2||635
Timbuktu|Timbuktu|Africa||Mali|"1646'33"" N"|"300'34"" W"|3|UNESCO World Heritage Site city in the Sahara desert|636
Tiruchchirappalli|Tiruchchirappalli|South Asia|76|India|"1048'18.0"" N"|"7841'8.2"" E"|2||637
Tokyo|Tokyo|North-East Asia|20|Japan|"3541'6.0"" N"|"13945'3.6"" E"|1|Alpha world city|638
Toluca|Toluca|North America|2686|Mexico|"1917'17.9"" N"|"9940'1.9"" W"|2|Located at 2686m above sea level|639
Tomsk|Tomsk|Russia|115|Russian Federation|"5630'0.0"" N"|"8458'0.1"" E"|2||640
Torino|Torino|Europe|216|Italy|"452'60.0"" N"|"740'0.0"" E"|2||641
Toronto|Toronto|North America|119|Canada|"4340'0.1"" N"|"7925'0.1"" W"|1|Alpha world city|642
Torreon|Torreon|North America|1129|Mexico|"2533'0.0"" N"|"10325'58.8"" W"|2||643
Trshavn|Trshavn|Europe||Faroe Islands|"620'42"" N"|"646'3"" W"|3||644
Tripoli|Tripoli|Africa|1|Libya|"3253'33.0"" N"|"1310'48.0"" E"|2||645
Tristan_da_Cunha|Tristan da Cunha|South America||British Overseas Territory|"374'0"" S"|"1219'0"" W"|3|The most remote archipelago and the most remote inhabited island|646
Tucson|Tucson|North America|751|United States of America|"3213'18.1"" N"|"11055'33.6"" W"|2||647
Tula,_Russia|Tula, Russia|Russia|171|Russian Federation|"5412'15.8"" N"|"3736'40.0"" E"|2||648
Turin|Turin|Europe|216|Italy|"452'60.0"" N"|"740'0.0"" E"|2||649
Tuxtla_Gutierrez|Tuxtla Gutierrez|North America|571|Mexico|"1645'0.0"" N"|"937'0.1"" W"|2||650
Tyumen|Tyumen|Russia|-|Russian Federation|"579'7.9"" N"|"6531'37.9"" E"|2||651
Ufa|Ufa|Russia|178|Russian Federation|"5446'30.0"" N"|"562'15.0"" E"|2||652
Ulyanovsk|Ulyanovsk|Russia|220|Russian Federation|"5419'59.9"" N"|"4823'60.0"" E"|2||653
Umm_Durman|Umm Durman|Africa|-|Sudan|"1538'10.0"" N"|"3226'13.9"" E"|2||654
Urfa|Urfa|Central Asia|550|Turkey|"379'4.0"" N"|"3847'34.1"" E"|2||655
Urumqi|Urumqi|North-East Asia|867|China|"4347'60.0"" N"|"8734'59.9"" E"|2||656
Ushuaia|Ushuaia|South America||Argentina|"5448'0"" S"|"6818'0"" W"|3|57,000 people living in the southernmost city in the world|657
Utsunomiya|Utsunomiya|North-East Asia|116|Japan|"3632'60.0"" N"|"13952'1.2"" E"|2||658
Uttaradit|Uttaradit|South-East Asia|445|Thailand|"1737'52.0"" N"|"1006'3.6"" E"|2||659
Vadodara|Vadodara|South Asia|176|India|"2218'0.0"" N"|"7312'0.0"" E"|2||660
Valencia|Valencia|South America|558|Venezuela|"1010'50.2"" N"|"680'14.0"" W"|2||661
Vancouver|Vancouver|North America|72|Canada|"4915'0.0"" N"|"1237'58.8"" W"|2||662
Varanasi|Varanasi|South Asia|65|India|"2519'59.9"" N"|"830'0.0"" E"|2||663
Verkhoyansk|Verkhoyansk|Russia||Russian Federation|"6733'0"" N"|"13323'0"" E"|3|The other Northern Pole of Cold?|664
Vijayawada|Vijayawada|South Asia|12|India|"1631'0.1"" N"|"8037'0.1"" E"|2||665
Vilnius|Vilnius|Europe|148|Lithuania|"5440'59.9"" N"|"2519'0.1"" E"|2||666
Virginia_Beach|Virginia Beach|North America|3|United States of America|"3651'10.1"" N"|"7558'41.9"" W"|2||667
Visakhapatnam|Visakhapatnam|South Asia|24|India|"1741'60.0"" N"|"8317'60.0"" E"|2||668
Vladivostok|Vladivostok|Russia|11|Russian Federation|"437'59.9"" N"|"13154'0.0"" E"|2||669
Volgograd|Volgograd|Russia|146|Russian Federation|"4848'16.9"" N"|"4435'8.9"" E"|2||670
Voronezh|Voronezh|Russia|155|Russian Federation|"5139'59.0"" N"|"3910'12.0"" E"|2||671
Vostok_Station|Vostok Station|Antarctica|3488|Antarctica|"7827'50"" S"|"10650'15"" E"|3|Antarctic research station at 3,844m. Southern pole of cold.|672
Wahran|Wahran|Africa|111|Algeria|"3541'28.0"" N"|"038'30.0"" W"|2||673
Warsaw|Warsaw|Europe|94|Poland|"5215'0.0"" N"|"210'0.0"" E"|1|Alpha world city|674
Welkom|Welkom|Africa|1384|South Africa|"2758'59.9"" S"|"2643'59.9"" E"|2||675
Wellington|Wellington|South-East Asia||New Zealand|"4117'20"" S"|"17446'38"" E"|2||676
Wenzhou|Wenzhou|North-East Asia|17|China|"281'9.1"" N"|"12039'14.4"" E"|2||677
Wien|Wien|Europe|169|Austria|"4812'0.0"" N"|"1622'0.1"" E"|2||678
Winnipeg|Winnipeg|North America|231|Canada|"4952'59.9"" N"|"9710'0.1"" W"|2||679
Wrangel_Island|Wrangel Island|Russia||Russian Federation|"7114'0"" N"|"17925'0"" W"|3|Remote Arctic tundra island|680
Wroclaw|Wroclaw|Europe|118|Poland|"516'0.0"" N"|"171'59.9"" E"|2||681
Wuhan|Wuhan|North-East Asia|23|China|"3034'59.9"" N"|"11416'1.2"" E"|2||682
Wuxi|Wuxi|North-East Asia|7|China|"3134'37.9"" N"|"12017'38.4"" E"|2||683
Xiamen|Xiamen|North-East Asia|79|China|"2428'3.0"" N"|"1185'34.8"" E"|2||684
Xian|Xian|North-East Asia|-|China|"3415'43.9"" N"|"10856'16.8"" E"|2||685
Xingtai|Xingtai|North-East Asia|71|China|"373'47.2"" N"|"11429'38.4"" E"|2||686
Xining|Xining|North-East Asia|2283|China|"3637'0.1"" N"|"10146'1.2"" E"|2|Located at 2283m above sea level|687
Xinyang|Xinyang|North-East Asia|73|China|"325'44.9"" N"|"1147'12.0"" E"|2||688
Xuchang|Xuchang|North-East Asia|73|China|"341'0.1"" N"|"11349'1.2"" E"|2||689
Xuzhou|Xuzhou|North-East Asia|45|China|"3416'0.8"" N"|"11711'31.2"" E"|2||690
Yakutsk|Yakutsk|Russia||Russian Federation|"6202'0"" N"|"12944'0"" E"|3|270,000 people live in this Siberian city|691
Yangon|Yangon|South-East Asia|9|Myanmar|"1646'59.9"" N"|"9610'0.1"" E"|2||692
Yantai|Yantai|North-East Asia|46|China|"3731'59.9"" N"|"12124'0.0"" E"|2||693
Yaounde|Yaounde|Africa|733|Cameroon|"352'0.0"" N"|"1131'0.1"" E"|2||694
Yaroslavl|Yaroslavl|Russia|-|Russian Federation|"5737'0.1"" N"|"3952'0.1"" E"|2||695
Yazd|Yazd|Central Asia|1229|Iran|"3153'49.9"" N"|"5422'3.0"" E"|2||696
Yekaterinburg|Yekaterinburg|Russia|278|Russian Federation|"5651'0.0"" N"|"6036'0.0"" E"|2||697
Yellowknife|Yellowknife|North America||Canada|"6226'32"" N"|"11423'51"" W"|3|Capital city of the Northwest Territories|698
Yerevan|Yerevan|Central Asia|1015|Armenia|"4010'52.0"" N"|"4430'49.0"" E"|2||699
Yichang|Yichang|North-East Asia|67|China|"3042'51.8"" N"|"11117'6.0"" E"|2||700
Yinchuan|Yinchuan|North-East Asia|1117|China|"3828'5.2"" N"|"10616'22.8"" E"|2||701
Yingkou|Yingkou|North-East Asia|10|China|"4038'3.1"" N"|"12230'28.8"" E"|2||702
Yogyakarta|Yogyakarta|South-East Asia|134|Indonesia|"747'60.0"" S"|"11022'1.2"" E"|2||703
Yokohama|Yokohama|North-East Asia|-|Japan|"3527'0.0"" N"|"13939'0.0"" E"|2||704
Yueyang|Yueyang|North-East Asia|35|China|"298'26.9"" N"|"1136'39.6"" E"|2||705
Zagreb|Zagreb|Europe|131|Croatia|"4547'60.0"" N"|"160'0.0"" E"|2||706
Zahedan|Zahedan|Central Asia|1350|Iran|"2929'52.1"" N"|"6052'22.1"" E"|2|Located at 1350m above sea level|707
Zamboanga_City|Zamboanga City|South-East Asia|-|Philippines|"654'37.0"" N"|"1224'26.4"" E"|2||708
Zapopan|Zapopan|North America|1571|Mexico|"2043'0.1"" N"|"10324'0.0"" W"|2|Located at 1571m above sea level|709
Zaporizhia|Zaporizhia|Europe|97|Ukraine|"4749'0.1"" N"|"3510'59.9"" E"|2||710
Zaragoza|Zaragoza|Europe|183|Spain|"4137'59.9"" N"|"052'60.0"" W"|2||711
Zhangjiakou|Zhangjiakou|North-East Asia|757|China|"4048'36.0"" N"|"11452'44.4"" E"|2||712
Zhangzhou|Zhangzhou|North-East Asia|1|China|"2430'47.9"" N"|"11739'21.6"" E"|2||713
Zhanjiang|Zhanjiang|North-East Asia|7|China|"2111'60.0"" N"|"11022'58.8"" E"|2||714
Zhengzhou|Zhengzhou|North-East Asia|107|China|"3441'1.0"" N"|"11331'58.8"" E"|2||715
Zhuhai|Zhuhai|North-East Asia|23|China|"2216'36.8"" N"|"11334'4.8"" E"|2||716
Zunyi|Zunyi|North-East Asia|994|China|"2732'35.2"" N"|"10649'22.8"" E"|2||717
New_York_City|New York City|North America|10|United States of America|"4042'51.1"" N"|"740'23.0"" W"|1|Alpha world city|718
